2721042, 2779674 1619155 162488 1529816 2028954 
2721066, 2364350 2380843 2365695 1194156 2634261 
2721107, 2565495 1337533 2429553 310029 1490957 
2723367, 2778525 1244196 1386412 657183 2791339
2723409, 2778525 1244196 1386412 657183 2791339
2723533, 26313 2039257 2711960 605384 2738890 
2723557, 1206782 600541 2280214 944929 547395 
2723853, 359919 1042645 2702670 1407200 348232 
2723970, 1880103 2137481 643240 2313733 131714 
2724176, 981038 257496 182233 2075069 2389021 
2724222, 184837 1979831 2777907 2620584 790148 
2724268, 1340488 397887 2734883 670839 2666755 
2724670, 991288 253240 2790218 2705071 1588543 
2724883, 906209 1150136 2086015 1446871 995582 
2725229, 474639 579292 2026844 2320399 1301316 
2725449, 2778525 1244196 1386412 657183 2791339
2725637, 2231249 855817 708789 1456592 2748647 
2725930, 1776146 1059396 2144357 3309 1385288 
2726031, 671597 2039234 2227010 2615507 2085408 
2726423, 2778525 1244196 1386412 657183 2791339
2726540, 2462740 359919 2695689 698688 2796548 
2726589, 474639 1271851 1194156 796430 710080 
2726736, 708575 2702591 767198 934469 2484720 
2726852, 2002920 940364 1931823 1933730 1760132 
2727049, 48149 1946855 1028530 474884 1229936 
2727236, 1897600 597865 41126 578030 2638536 
2727242, 2099774 1264314 94624 2376399 1918402 
2727570, 955963 2026061 818833 1755221 902387 
2728016, 2778201 987176 224754 1451367 978726 
2728053, 1604112 1042645 1240596 2145252 2541735 
2728217, 1660314 1842872 1173665 51094 1402826 
2728684, 2277810 1356754 940364 2038259 313851 
2729803, 2792364 239491 2297807 1271851 196620 
2729926, 2521699 399598 44544 2657497 1082339 
2730033, 158625 21837 877685 2834579 906209 
2730135, 2782654 220676 2217966 1179626 2150810 
2730449, 2112039 2073171 1329935 1474808 2420458 
2730731, 2778525 1244196 1386412 657183 2791339
2731323, 2734496 1984977 814728 95911 1726648 
2731346, 267404 124879 2533826 541783 474884 
2731768, 2217966 2699064 1194156 1674804 2749091 
2732042, 2680715 2017961 2364350 1379326 2331956 
2733385, 2723156 2627251 757763 424107 938375 
2733394, 2159368 1439373 269073 203143 1273640 
2733842, 2693027 248820 2666340 2639412 2715811 
2733930, 1606360 12449 1277012 2093848 2588187 
2734025, 628730 2505399 708380 1786132 2028562 
2734306, 614476 98506 1745248 1708355 801479 
2734853, 2767474 2092767 2148602 2280214 42714 
2734960, 1179626 1984977 474884 1194156 438890 
