1500820, 2778525 1244196 1386412 657183 2791339
1500975, 2621946 2624698 1267733 1315459 1693600 
1501942, 1049226 526008 2623234 2362981 265966 
1502499, 1724149 2629532 1321910 2639080 805334 
1503042, 2778525 1244196 1386412 657183 2791339
1503197, 1844889 1584242 538944 1329850 2117929 
1503525, 1311157 2622112 1955345 1311955 2360760 
1503549, 2778525 1244196 1386412 657183 2791339
1503860, 1049226 526008 2623234 2362981 265966 
1504661, 786549 263263 2098774 527139 1576165 
1504710, 2491321 2106016 2373249 1589733 1331898 
1504743, 789809 2627048 1320294 2627489 2142637 
1504983, 1135086 1461021 1878052 2633277 2153982 
1505076, 1049226 526008 2623234 2362981 265966 
1505305, 1049226 526008 2623234 2362981 265966 
1505413, 1052274 1330328 1320361 201065 1835008 
1505747, 1861338 1079321 446232 293990 2471434 
1506340, 2778525 1244196 1386412 657183 2791339
1506533, 786961 525725 1573166 672197 1312678 
1507675, 1049977 1576423 1054370 1792368 1850794 
1507769, 591878 2793364 1837182 1087466 850753 
1508174, 1049226 526008 2623234 2362981 265966 
1508209, 249 268879 1846802 1848786 801876 
1508340, 2778525 1244196 1386412 657183 2791339
1508566, 1049226 526008 2623234 2362981 265966 
1508833, 1049226 526008 2623234 2362981 265966 
1508916, 2623173 1059229 1489431 708026 553776 
1509138, 1049226 526008 2623234 2362981 265966 
1509317, 1861338 1079321 446232 293990 2471434 
1509447, 2631119 1334149 1533560 29371 822880 
1509735, 1049226 526008 2623234 2362981 265966 
1510147, 1313328 1576782 1530368 798093 701338 
1510274, 2622739 787803 602373 2100229 1052678 
1510497, 2625282 437600 1581129 271195 2226210 
1510772, 1049226 526008 2623234 2362981 265966 
1510865, 2621946 2624698 1267733 1315459 1693600 
1511079, 2778525 1244196 1386412 657183 2791339
1511147, 795009 1581556 1844282 1086247 275777 
1511168, 1861338 1079321 446232 293990 2471434 
1511537, 524445 1837758 490589 2141646 2797117 
1511638, 529771 529889 87639 2377834 1139253 
1512091, 789921 1658724 1662050 2108401 569982 
1512437, 527090 2365629 1321668 2108549 2710748 
1513027, 1847760 805847 1860987 2403072 1368707 
1513845, 1049226 526008 2623234 2362981 265966 
1513896, 2778525 1244196 1386412 657183 2791339
1514140, 1529175 1433595 1267104 2360316 525891 
1514364, 1573014 1186 2097616 192137 5232 
1514767, 2778525 1244196 1386412 657183 2791339
1514778, 1049226 526008 2623234 2362981 265966 
1515008, 2359424 1606 1577199 1577494 2106310 
1515352, 2621946 2624698 1267733 1315459 1693600 
1515362, 78664 2641225 37808 46310 2436862 
1515901, 2621946 2624698 1267733 1315459 1693600 
1516042, 2621946 2624698 1267733 1315459 1693600 
1516053, 586854 2226099 949715 1834882 118397 
1516075, 249 268879 1846802 1848786 801876 
1516201, 2104848 1359029 1339063 2126786 313098 
1516501, 1313164 1575587 3309 2362873 790049 
1516556, 526449 44270 2362916 266772 530380 
1516782, 795009 1581556 1844282 1086247 275777 
1517097, 262161 2625618 267996 2365266 792623 
1517637, 1748626 18531 22410 1857762 289961 
1517992, 2621946 2624698 1267733 1315459 1693600 
1518044, 1573805 2622816 1486035 1315172 2328900 
1518761, 1049226 526008 2623234 2362981 265966 
1518856, 536169 2658916 2612491 651902 1504957 
1519210, 1049226 526008 2623234 2362981 265966 
1519233, 1049226 526008 2623234 2362981 265966 
1519365, 2470649 1587288 1395362 2185010 363718 
1519373, 1049226 526008 2623234 2362981 265966 
1519738, 786961 525725 1573166 672197 1312678 
1520001, 1049226 526008 2623234 2362981 265966 
1520320, 2778525 1244196 1386412 657183 2791339
1520667, 795009 1581556 1844282 1086247 275777 
1520931, 2113250 625385 1250202 730326 2622613 
1521112, 1573088 1048886 1574494 788344 2221 
1522172, 1049226 526008 2623234 2362981 265966 
1522312, 2778525 1244196 1386412 657183 2791339
1523115, 280606 1600528 1351681 2427427 1650532 
1523662, 1311157 2622112 1955345 1311955 2360760 
1523833, 786684 2622219 1049641 2098273 788075 
1524141, 2621946 2624698 1267733 1315459 1693600 
1524569, 2104848 1359029 1339063 2126786 313098 
1524690, 1049226 526008 2623234 2362981 265966 
1524831, 369383 682883 1478250 1244687 757843 
1524843, 2621946 2624698 1267733 1315459 1693600 
1524899, 1049226 526008 2623234 2362981 265966 
1525212, 2778525 1244196 1386412 657183 2791339
1525296, 1049226 526008 2623234 2362981 265966 
1525489, 1574503 1847224 571817 556872 792302 
1525975, 789921 1658724 1662050 2108401 569982 
1526577, 789921 1658724 1662050 2108401 569982 
1526701, 1049226 526008 2623234 2362981 265966 
1526727, 1573395 1835742 1049418 2098471 2315902 
1526785, 2778525 1244196 1386412 657183 2791339
1527706, 1049226 526008 2623234 2362981 265966 
1527931, 1049226 526008 2623234 2362981 265966 
1527937, 524349 787948 1529678 2624844 1923158 
1528122, 1049226 526008 2623234 2362981 265966 
1528611, 1049226 526008 2623234 2362981 265966 
1528715, 787247 261899 786609 2245118 1055986 
1528814, 1311157 2622112 1955345 1311955 2360760 
1528889, 1049226 526008 2623234 2362981 265966 
1528938, 789921 1658724 1662050 2108401 569982 
1529031, 821935 38647 2691073 77721 90141 
1529311, 1529175 1433595 1267104 2360316 525891 
1529438, 942743 787368 1836098 2361030 1348314 
1530189, 2621946 2624698 1267733 1315459 1693600 
1530961, 2621946 2624698 1267733 1315459 1693600 
1531438, 1049226 526008 2623234 2362981 265966 
1531600, 2778525 1244196 1386412 657183 2791339
1532023, 795009 1581556 1844282 1086247 275777 
1532094, 1588640 551018 823692 493726 1543640 
1532421, 1049226 526008 2623234 2362981 265966 
1532669, 1573014 1186 2097616 192137 5232 
1533065, 2033951 2365218 2107358 1061518 18632 
1533604, 1669539 238121 2660436 1613989 2637551 
1533608, 1049226 526008 2623234 2362981 265966 
1535128, 1835082 131111 2622471 787557 2065557 
1535173, 1844889 1584242 538944 1329850 2117929 
1535303, 1049226 526008 2623234 2362981 265966 
1535634, 1311157 2622112 1955345 1311955 2360760 
1535830, 2778525 1244196 1386412 657183 2791339
1536074, 1053542 805303 1615763 2438518 2297678 
1536307, 2621946 2624698 1267733 1315459 1693600 
1536326, 262318 2184780 2753633 2156311 795733 
1537404, 2778525 1244196 1386412 657183 2791339
1537613, 795009 1581556 1844282 1086247 275777 
1537963, 1088060 1279825 262605 2098926 11714 
1538179, 786961 525725 1573166 672197 1312678 
1538198, 1529347 2099774 2100149 2103306 270871 
1538434, 568730 1946961 2759497 1318505 50274 
1538504, 1049226 526008 2623234 2362981 265966 
1538517, 249 268879 1846802 1848786 801876 
1538769, 174891 2361418 2465 1576950 1315071 
1538847, 1844889 1584242 538944 1329850 2117929 
1539221, 2778525 1244196 1386412 657183 2791339
1539691, 1049226 526008 2623234 2362981 265966 
1539754, 1049226 526008 2623234 2362981 265966 
1539984, 1585602 1866065 1449190 1967964 400085 
1540093, 1055533 1584369 798560 1091589 294831 
1540289, 1218 798915 1062626 790293 2649322 
1540961, 1324674 2657851 1496122 487066 228922 
1541143, 1573384 98 2098073 2098581 628582 
1541234, 2630814 534307 807040 1071287 26186 
1541336, 2622229 995155 2622845 2101363 2364120 
1541513, 2778525 1244196 1386412 657183 2791339
1541713, 799731 1870897 1143329 570668 1359864 
1542351, 2139069 858917 1269342 1052981 368163 
1542557, 786684 2622219 1049641 2098273 788075 
1542567, 1573088 1048886 1574494 788344 2221 
1542692, 2778525 1244196 1386412 657183 2791339
1542739, 2364468 1840796 2365839 16863 804196 
1542957, 1724149 2629532 1321910 2639080 805334 
1543194, 1315154 1841093 2103710 1618213 1749458 
1543283, 2621757 1326355 1851755 2799055 590084 
1543836, 262976 1837932 1052534 1711084 1841182 
1543982, 2621946 2624698 1267733 1315459 1693600 
1544891, 2229410 2797267 537750 1321316 537762 
1544987, 2778525 1244196 1386412 657183 2791339
1545305, 1636665 595036 2694216 928763 1201484 
1545911, 1844889 1584242 538944 1329850 2117929 
1545933, 2778525 1244196 1386412 657183 2791339
1546159, 790148 562902 52994 844329 2425915 
1546316, 841473 64952 1924823 133433 1756503 
1546513, 1861338 1079321 446232 293990 2471434 
1546628, 2642624 1856618 1858896 310716 1608886 
1546689, 731 1398363 788517 1049182 528650 
1546702, 1049226 526008 2623234 2362981 265966 
1546930, 2359422 1840430 934269 794365 270773 
1547028, 2778525 1244196 1386412 657183 2791339
1547114, 799731 1870897 1143329 570668 1359864 
1547337, 1049226 526008 2623234 2362981 265966 
1548157, 2097241 655650 2403367 2363463 1311655 
1548827, 1049226 526008 2623234 2362981 265966 
1548995, 822812 1495141 364633 1314151 2187511 
1549018, 1882173 851438 383133 2074239 2435689 
1549112, 2778525 1244196 1386412 657183 2791339
1549134, 2361419 2377029 1332410 879096 402947 
1549441, 1049226 526008 2623234 2362981 265966 
1549583, 2778525 1244196 1386412 657183 2791339
1549650, 1049226 526008 2623234 2362981 265966 
1550172, 1049226 526008 2623234 2362981 265966 
1551218, 1049226 526008 2623234 2362981 265966 
1552209, 2630814 534307 807040 1071287 26186 
1552501, 2778525 1244196 1386412 657183 2791339
1552523, 786961 525725 1573166 672197 1312678 
1553600, 731 1398363 788517 1049182 528650 
1553713, 2778525 1244196 1386412 657183 2791339
1554011, 1049226 526008 2623234 2362981 265966 
1554044, 1049226 526008 2623234 2362981 265966 
1554165, 524585 1388507 280612 1444944 659143 
1554284, 2621946 2624698 1267733 1315459 1693600 
1554574, 942743 787368 1836098 2361030 1348314 
1554757, 731 1398363 788517 1049182 528650 
1555017, 1576930 272775 523823 1126531 1052185 
1555092, 2491321 2106016 2373249 1589733 1331898 
1555346, 2778525 1244196 1386412 657183 2791339
1555519, 1049226 526008 2623234 2362981 265966 
1555696, 1049226 526008 2623234 2362981 265966 
1555806, 942743 787368 1836098 2361030 1348314 
1556006, 2646762 1796345 847760 2711456 186983 
1556159, 1836714 264811 2121162 1839201 1053187 
1557245, 1049226 526008 2623234 2362981 265966 
1557697, 2778525 1244196 1386412 657183 2791339
1558028, 2778525 1244196 1386412 657183 2791339
1558045, 2778525 1244196 1386412 657183 2791339
1558574, 1311972 263211 2280653 1458606 136755 
1558576, 1573088 1048886 1574494 788344 2221 
1559214, 1049226 526008 2623234 2362981 265966 
1559530, 2621946 2624698 1267733 1315459 1693600 
1559558, 2778525 1244196 1386412 657183 2791339
1559586, 265617 2363027 1487463 1092359 2135951 
1559597, 640120 1431742 1860024 2445679 96298 
1559651, 2491321 2106016 2373249 1589733 1331898 
1559677, 2054219 2380917 288008 1878937 314425 
1559927, 2668801 286951 2192086 2427459 201863 
1560537, 2621946 2624698 1267733 1315459 1693600 
1560616, 1578950 219741 2634975 2653551 586261 
1560930, 45454 1220806 1878022 2158560 2622989 
1561606, 249 268879 1846802 1848786 801876 
1562152, 1049226 526008 2623234 2362981 265966 
1562513, 1313164 1575587 3309 2362873 790049 
1562712, 1311157 2622112 1955345 1311955 2360760 
1562759, 2532 1054603 354473 1061216 2375806 
1563071, 1049226 526008 2623234 2362981 265966 
1563437, 2778525 1244196 1386412 657183 2791339
1564097, 1059214 367360 556473 35733 822332 
1564599, 1576930 272775 523823 1126531 1052185 
1565757, 1922445 2919 1576597 1315106 531228 
1565867, 558694 1737130 593709 1839646 1054019 
1566594, 2691065 1980406 2347297 2630814 534307 
1566710, 1049226 526008 2623234 2362981 265966 
1566735, 1213337 265262 791996 1923431 6271 
1567405, 1835008 2363688 2627501 1056916 274446 
1567667, 2368925 1424639 2625282 437600 1581129 
1567767, 1806917 5002 1748809 2629333 533594 
1568379, 1844889 1584242 538944 1329850 2117929 
1568872, 249 268879 1846802 1848786 801876 
1569501, 1844889 1584242 538944 1329850 2117929 
1570317, 2621946 2624698 1267733 1315459 1693600 
1571166, 1051839 791461 271161 2630936 536498 
